text,labels
that might sound silly but if i havent pre-ordered fifa does that mean i cant play the free trial for 10 hours,0
googledofhey - i have no idea where else to turn for help i have a google sheets file that i used today but havent been able to open since,1
i just achieved the mana sponge achievement,1
i go through this often when in a high up location it could be a mall rooftop anywhere i go through a very strange sensation like i’m really gonna just somehow do it spontaneously it’s not any kind of suicidal thing whatsoever another thing i go through is sitting on a couch and the thought that “what if i just never get up” can keep me in this strange trance locked into my couch,0
mr paul christoph in sandrock best pubg teammate savior in hot spots again and just like in me an enthusiast when it comes naturally to aaa mike tietel with such a deep story but a very beautiful game world and a sophisticated gameplay concept nvidiageforcede,2
inscreen please dont pull us out of the game for abstergo animus stuff in ac valhalla,2
best gaming pc build under 50k pubg 80fps gta 5 70 fps youtubedek-3fjls_e via youtube,1
this really hits home thanks for sharing sometimes we do these things and we have no clue others do the same thank goodness i’m not completely insane,0
internshipunk,1
i played a game where a player has to go afk for the whole week because they took a freaking shit during the load screen and their toilet started flooding and didnt notice until 15 mins into them game when their carpet under their feet decided to get wet lol players arent even human,1
i evax humbly submit a letter to craig alexander today successfully managing to pirate sky 3 congratulations nick enjoy your holiday the milk ahhh,1
not,1
eamaddennfl when yall gon give ab84 his 99 or at least a 97 cmon yall know he deserves it,1
yes i need constant stimulation otherwise i will get sleepy but not actually sleepy enough to sleep because as soon as i get up and do anything else i’m not sleepy anymore lol it’s pretty frustrating i feel like i can’t do “normal” things,2
why is this specifically posted on the ocd sub-reddit is it a thing that typically happens for it sorry just a genuine question cause this happens to me very often as well,0
healthcare giant johnson johnson plans to stop offering the talc-based johnsons baby powder in the us and canada the company faces allegedly thousands of orders representing individuals who claim if its talc products caused their httpcompcay8dqydxhg,1
google must play sports apps promised users free tennis shoes but users got ad sex fraud malware instead by zdnet flip it rnw98m,1
red dead redemption its truly my masterpiece,2
nba2k really you guys wont give the old retired players 1000000 a year and you guys are making a killing on this game no wonder charles barkley and other nba stars are missing from the game every year it doesnt make any sense youtubek8iyggfzs4e,0
masterlink of custom deals focusing on custom wood furniture for products of this amazon all deals are lightning weather deals open in desktop store mode with amzn to of 2rj3krr,1
lol and if youre like me you substitute drugs to achieve the stimulation which creates an entire domino line of other drugs to compensate for downsides,2
already cheating in blackopscoldwar like come on i cant even have a decent play through cheaters please dont make this game like modernwarzone if crossplay is the problem fix it quickly our console players are getting up smh,1
not free to use recent work fortnite pictwittercomp9vmutkt49,0
unk 2077 for playstation 3 and x series x wont bring 10unk dlvritrg7hfv,1
sometimes i feel like somebody such as an old grandma for playing games a few months ago i never bought assassin ’ s creed origins like bc it was on sale and like 20 million minutes in i was like “ hm this is no too violent for me ” and i never touched it anything again like sksjsbsb,0
suddenly i feel like i ’ ″ m genuinely the only person would liked that live virtual action movie from a few years years ago looking at the witcher show this could be something great a different overall timeline between every season keep the game franchise relevant,1
new emergency anti - cheat measures program has been taken into the csgo very cool,2
apparently my favourite track this year was shake it off because i played it on repeat on one of my bad days,2
n2k yoooooooo why are you pushing me all the time into the real world its sheer disgust,0
nice,2
hey asshole,0
a first look at the cosmetics of the apex legends octane edition youll receive this message when buying this edition thank you for purchasing apex legends octane edition enjoy these exclusive items pictwittercomjoyd2wmpl6,1
this guy is fucking cracked holeeee,1
every day i wake up with the goal of being productive but its so hard waking up early and if i do its so hard making stuff so early even tho i know this is a mistake i always wait to get in the mood but sometimes the mood begins so late and then is so late to do things its ridiculous,2
100 pre ordered,2
uwu gift me random steam games too play cause im broke and csgo is boring,0
apex is getting shit in by warzone due unto this single fact that they permanently added solos lol find if that work in the audio next gg playapex g,0
csgo imma stay all night u better start that shit right away,2
the professional dota 2 scene is fucking exploding and i totally welcome it get rid of the rubbish,2
yes i experienced the same exact thing as a kid and still sometimes do i feel like i’m on the verge of peeing so i go and try but i am unable and the feeling gets worse and worse i didn’t know this was ocd when i was a kid but looking back on it later on it makes more sense i’m sorry you still have to deal with it i hate that feeling,0
taking some time next weekend to just relax not really sure what i’ll do just relaxed streaming later today actually excited for it cheers and happy to be growing on twitch rainbow6game,2
anyone reading this please also i’d suggest atomic habits by james clear it is on audible as well and the rules are great for adhd,2
this is off-topic but my entire ocd is me having an irrational fear of being immature,0
while i keep my ocd a secret from most of my friends those that do know have stopped saying theyre so ocd due to knowing how crippling its been for me and thats how i know theyre my true friends,0
so close to aquadra kill,1
gaming trustees are terrible for collecting refunds from when this kid looks guilty as fuck,0
100 pre-order this is a sexy controller,2
indian govt on pubg and other 118 apps,0
girl may have more damage than youuu forwe only have 1 kill girls must do everything yourself who finished the recon for you methat alone gives you 1000 cause i got the other 9000 on cratesthen bought us a loadout,1
key live now twitchtvsir_papafox streaming some more cash customs as well as some fashion shows stop by for some very interesting content,1
rocd but your husband did that-this-that the other day what if you don’t have what this picture represents me while trying to avoid ruminating yeah so that maybe true that may not be true,0
callofduty atviassist apparently for some purpose cant seem to play,0
i’m deeply stuck in this mode especially since it’s like life is happening again with vaccines the pressure to do is getting much heavier and i just cant bahhhhhhhh,2
heya were live with another storymode saturday with red dead redemption 2 twitchtvnomnomninja rhttpr,1
i already have the vector or fennec on platinum here are my best attachments for this weapon please give it a try,1
i remember trying to joke about this with a coworker once and that was the moment i realized that normal people dont have thoughts like this,0
going live back up to ancient greece with many assassins that creed with odyssey there surely will even be death twitch tv zvengence,1
wtf,0
i think its for the first reason that you mentioned i tend to ramble a lot lol,2
at first i didnt feel like i belonged to this credo but now i love it very much,2
i played this interesting quiz on amazon-play link at amazon funzone its very easy to play try your luck for fun rewards please download the amazon app from google play visit amazoningamesharegl9… i am eligible for win bonus,1
but what about heavy rain and mass effect and before dawn and other games that taught me about how a single action can determine ones fate,0
is there a list of appsproducts to go along with the tips loving the suggestions but it’d be great to also have vetted productsapps suggestions to go along with it,2
i absolutely hate doing things an uneven amount of times but weirdly enough 7 is my favourite number i just will never do things an uneven amount of times,0
i feel this i think much of my success academically is just my ocd fear of not perfectly and completely understanding what i’m studying,0
siege pizzeria shirt is a surprise of course ela would be chief delivery girl i love her p,1
but been missing awhile to see a korean ad without using jondaemal,1
congratulations to our very own julienmid and value247 for being selected on team yassuo for the upcoming league of legends twitch rivals will value secure the three-peat will julien pick up his first championship find out next week muwin twitchesports pictwittercompmbu3fiboj,1
these prices are too low,0
platinumwow654 well to add to your darkmoon faire = old gods video the teaser for the next hearthstone expansion is quite eye opening,2
sunday funday enjoying borderlands 3 twitchtvmad_man31,2
tell me im bad at overwatch and ask me to show you my katanas twitchtv panthianchampi,1
hentwitch go team happy chicken coop,1
won hearthstone masters qualifier indonesia - 70 im so damn happy pictwittercom ghyzmpxj67,1
i dont see a thing wrong with this its absolutely beautiful having ocd and being creative dont go hand in hand i write sometimes but its hard to accept that imperfections are just part of the process im proud of you for overcoming your fear and i hope you have a very merry christmas,0
good start eamaddennflunk to hear more,1
grand theft auto vice city loose ends ps2 youtubetvdwipwlzxm youtube,1
am i the only one who doesnt want to go back to work now i have a taste of it i really like to be a full time streamer go follow my page please lets all blow it up facebookcom stevecavgaming,1
wow i can ’ t even believe it ’ s been 10 years since when they have introduced black ops 1,1
johnson johnson halts sales of talc-based baby powder in us canada bitly 3bitk21,1
hey dota2 the way you have updated the rows is more confusing than a damn math book can we just have one mmr no matter what you play ffs,0
ea bans prominent fifa streamer kurt0411 from all its games over toxic behaviour tinyurlcomyxyvwh2q,1
i am feeling so festive today that i m even going to put the tree up as soon as i ve finished doing this and catching up with the week s goings ons on coronation street,2
then i will be streaming over on at about 5 30 cst now i will be playing,2
95 of the ps5 launch titles however look like garbage,0
wtf so …,0
i kno c handled zer0 being bad kinda shittily with me being most likely nonhuman to start and then forgetting their worth in tftbl but i still rlly like zer0 and was trying to enjoy them - same with fl4k i liked them well and theyre both playable mcs the,1
torgfest tower of the damned gameplay - its so good - world of warcraft shadowlands zonestreamcx torgfest-tower,2
yes the joy of rds i thought rejection dysphoria was gone for good nope i just restarted guafacine it helps but i hate taking it ugh,2
i get giddy over feeling elegant in a perfectly fitted pencil skirt,2
i tried to preorder an xbox series s - that went down like a lead bentley on trbrio vucmi7q via kurisu _ yamato https fenco ota0ybavni,1
now i just really liked “ verizon - branded home routerspeed” by my mr_grif on,2
not that dramatic but for a very long time oral basically did nothing for me because its so passive that i would just drift off and barely be aware of what was happening even straight up losing the mood right in the middle of it i always preferred _giving_ oral because its active and can hold me in the moment my current partner has managed to find some buttons that when pressed cant be ignored but it took her a couple years to do it,2
home depot was mentioned by satya in the ignite keynote,1
im tired of looking at this phone ill hand it over to verizon tomorrow,1
wasnt there a case against her with cancer,0
gloomy elysium,1
damn the rejection sensitive dysphoria i didn’t realize was an adhd thing i’d heard it before but i didn’t realize that’s what it meant that one really bugs me all of these are really relatable tho the rejection sensitive dysphoria usually leads me to self isolation and substance abuse and a strong disconnect from my emotions i never realized there was any correlation to that and adhd,2
i am moderately interested in this,2
making crappy immortals til treasure 3 day 1 redditititorke,1
